,Date,Monitoring Station,PM 2.5,PM 10,NO2,NH3,SO2,CO,O3,Min_Temp,Max_Temp,Precip_Intensity,Pressure,Humidity,Wind_Speed,Wind_Bearing,Cloud_Cover
0,2019-01-01,"Murthal, Sonipat - HSPCB",332.0,214.0,40.0,17.0,21.0,57.0,2.0,6.38,21.43,0.0,1020.3,0.56,3.64,316,0.0
1,2019-01-02,"Murthal, Sonipat - HSPCB",413.0,365.0,63.0,18.0,34.0,94.0,17.0,9.07,23.17,0.0,1020.5,0.6,3.74,68,0.05
2,2019-01-03,"Murthal, Sonipat - HSPCB",427.0,379.0,71.0,20.0,40.0,94.0,,8.59,22.22,0.0,1021.1,0.65,6.18,299,0.0
3,2019-01-04,"Murthal, Sonipat - HSPCB",370.0,254.0,40.0,19.0,19.0,62.0,,7.79,20.61,0.0,1020.3,0.63,4.1,290,0.42
4,2019-01-05,"Murthal, Sonipat - HSPCB",,,45.0,20.0,,102.0,,8.17,20.56,0.0,1019.3,0.66,7.26,110,0.08
5,2019-01-06,"Murthal, Sonipat - HSPCB",,,35.0,17.0,,30.0,,10.27,18.68,0.0115,1018.4,0.78,5.48,29,0.5
6,2019-01-07,"Murthal, Sonipat - HSPCB",,,,,,,,8.03,20.23,0.0,1020.1,0.76,5.21,322,0.01
7,2019-01-08,"Murthal, Sonipat - HSPCB",,,,,,,,8.61,20.23,0.0,1018.2,0.74,5.97,295,0.28
8,2019-01-09,"Murthal, Sonipat - HSPCB",116.0,115.0,28.0,18.0,19.0,37.0,,7.85,20.75,0.0,1017.2,0.64,7.99,297,0.0
9,2019-01-10,"Murthal, Sonipat - HSPCB",217.0,112.0,29.0,17.0,16.0,41.0,42.0,7.32,20.91,0.0,1017.2,0.61,4.51,292,0.01
10,2019-01-11,"Murthal, Sonipat - HSPCB",282.0,157.0,53.0,17.0,21.0,86.0,7.0,7.66,20.66,0.0,1018.8,0.65,3.45,75,0.08
11,2019-01-12,"Murthal, Sonipat - HSPCB",386.0,246.0,67.0,19.0,51.0,92.0,6.0,8.52,20.81,0.0,1017.8,0.69,3.24,85,0.38
12,2019-01-13,"Murthal, Sonipat - HSPCB",371.0,267.0,76.0,16.0,52.0,72.0,8.0,9.66,22.05,0.0,1019.5,0.68,5.26,3,0.23
13,2019-01-14,"Murthal, Sonipat - HSPCB",254.0,130.0,37.0,16.0,16.0,40.0,31.0,7.39,20.23,0.0001,1019.3,0.65,10.04,310,0.0
14,2019-01-15,"Murthal, Sonipat - HSPCB",141.0,128.0,28.0,16.0,14.0,44.0,30.0,5.66,19.76,0.0,1018.4,0.55,8.0,293,0.45
15,2019-01-16,"Murthal, Sonipat - HSPCB",260.0,152.0,46.0,16.0,29.0,88.0,8.0,6.12,20.56,0.0001,1018.4,0.56,2.72,92,0.79
16,2019-01-17,"Murthal, Sonipat - HSPCB",353.0,237.0,71.0,13.0,38.0,94.0,11.0,6.84,21.34,0.0,1017.3,0.66,3.98,329,0.0
17,2019-01-18,"Murthal, Sonipat - HSPCB",343.0,174.0,39.0,15.0,40.0,67.0,19.0,6.97,21.31,0.0,1017.4,0.69,5.0,298,0.03
18,2019-01-19,"Murthal, Sonipat - HSPCB",278.0,149.0,37.0,16.0,20.0,71.0,22.0,7.89,23.11,0.0,1017.2,0.61,3.95,301,0.25
19,2019-01-20,"Murthal, Sonipat - HSPCB",,,,,,,,10.53,25.31,0.0,1016.0,0.64,3.21,122,0.94
20,2019-01-21,"Murthal, Sonipat - HSPCB",,,,,,98.0,54.0,13.44,21.45,0.0065,1013.4,0.77,9.49,109,1.0
21,2019-01-22,"Murthal, Sonipat - HSPCB",142.0,119.0,38.0,12.0,32.0,47.0,41.0,12.47,18.87,0.0341,1013.9,0.92,9.44,130,0.71
22,2019-01-23,"Murthal, Sonipat - HSPCB",79.0,57.0,42.0,13.0,20.0,64.0,4.0,9.53,19.98,0.0007,1017.8,0.86,5.29,32,0.19
23,2019-01-24,"Murthal, Sonipat - HSPCB",215.0,129.0,40.0,10.0,40.0,89.0,5.0,9.06,20.01,0.0002,1019.6,0.75,5.63,351,0.21
24,2019-01-25,"Murthal, Sonipat - HSPCB",150.0,113.0,30.0,13.0,26.0,60.0,22.0,9.31,18.08,0.0048,1020.0,0.79,5.92,344,0.4
25,2019-01-26,"Murthal, Sonipat - HSPCB",169.0,101.0,25.0,12.0,27.0,67.0,28.0,6.24,18.27,0.0,1022.1,0.73,6.6,315,0.0
26,2019-01-27,"Murthal, Sonipat - HSPCB",148.0,98.0,23.0,11.0,20.0,72.0,23.0,5.67,17.29,0.0001,1022.7,0.7,7.96,308,0.17
27,2019-01-28,"Murthal, Sonipat - HSPCB",159.0,95.0,23.0,11.0,18.0,67.0,30.0,5.83,18.62,0.0001,1022.1,0.62,8.66,305,0.0
28,2019-01-29,"Murthal, Sonipat - HSPCB",117.0,94.0,17.0,10.0,19.0,69.0,30.0,5.61,19.49,0.0,1020.8,0.61,7.89,304,0.05
29,2019-01-30,"Murthal, Sonipat - HSPCB",152.0,104.0,21.0,13.0,28.0,69.0,31.0,6.93,18.72,0.0,1019.6,0.64,4.47,304,0.76
30,2019-01-31,"Murthal, Sonipat - HSPCB",270.0,161.0,48.0,14.0,39.0,99.0,4.0,9.59,19.64,0.0,1018.4,0.67,6.53,112,0.7
31,2019-02-01,"Murthal, Sonipat - HSPCB",291.0,203.0,49.0,10.0,53.0,86.0,33.0,10.92,21.24,0.0,1018.8,0.67,5.46,92,0.5
32,2019-02-02,"Murthal, Sonipat - HSPCB",242.0,163.0,29.0,13.0,16.0,93.0,20.0,7.22,20.46,0.0001,1018.6,0.83,6.01,302,0.03
33,2019-02-03,"Murthal, Sonipat - HSPCB",211.0,147.0,21.0,12.0,15.0,100.0,20.0,8.02,20.64,0.0001,1019.5,0.82,5.06,294,0.0
34,2019-02-04,"Murthal, Sonipat - HSPCB",193.0,14.0,7.0,,,107.0,,8.28,22.13,0.0,1020.3,0.76,3.56,297,0.18
35,2019-02-05,"Murthal, Sonipat - HSPCB",250.0,143.0,57.0,12.0,14.0,119.0,5.0,9.47,22.78,0.0004,1018.1,0.72,3.92,103,0.38
36,2019-02-06,"Murthal, Sonipat - HSPCB",390.0,277.0,72.0,14.0,46.0,124.0,3.0,12.36,22.86,0.0094,1012.8,0.84,7.73,125,0.47
37,2019-02-07,"Murthal, Sonipat - HSPCB",307.0,178.0,47.0,14.0,33.0,49.0,5.0,12.7,18.25,0.0364,1010.3,0.94,12.33,133,0.57
38,2019-02-08,"Murthal, Sonipat - HSPCB",88.0,98.0,30.0,13.0,7.0,45.0,21.0,8.15,18.95,0.0002,1016.6,0.78,5.94,317,0.01
39,2019-02-09,"Murthal, Sonipat - HSPCB",96.0,95.0,20.0,13.0,32.0,63.0,19.0,6.66,19.62,0.0,1018.9,0.74,8.01,301,0.0
40,2019-02-10,"Murthal, Sonipat - HSPCB",137.0,108.0,20.0,11.0,50.0,96.0,26.0,7.72,19.62,0.0,1020.5,0.71,4.66,296,0.73
41,2019-02-11,"Murthal, Sonipat - HSPCB",238.0,120.0,22.0,11.0,65.0,107.0,26.0,8.34,21.21,0.0,1020.8,0.7,3.72,303,0.76
42,2019-02-12,"Murthal, Sonipat - HSPCB",263.0,122.0,23.0,12.0,29.0,112.0,29.0,11.64,22.65,0.0001,1020.6,0.72,3.1,340,0.67
43,2019-02-13,"Murthal, Sonipat - HSPCB",259.0,140.0,43.0,14.0,34.0,117.0,8.0,11.42,23.72,0.0001,1020.0,0.7,2.97,74,0.93
44,2019-02-14,"Murthal, Sonipat - HSPCB",334.0,179.0,61.0,18.0,28.0,125.0,22.0,13.93,20.29,0.0211,1015.4,0.84,8.24,124,0.69
45,2019-02-15,"Murthal, Sonipat - HSPCB",,,,,,,,12.66,20.39,0.0143,1015.5,0.91,5.63,101,0.11
46,2019-02-16,"Murthal, Sonipat - HSPCB",181.0,107.0,28.0,25.0,10.0,52.0,15.0,11.2,20.46,0.0003,1017.2,0.91,5.69,311,0.34
47,2019-02-17,"Murthal, Sonipat - HSPCB",109.0,90.0,19.0,17.0,10.0,83.0,18.0,9.88,21.67,0.0001,1014.3,0.81,8.07,292,0.0
48,2019-02-18,"Murthal, Sonipat - HSPCB",102.0,98.0,39.0,27.0,19.0,68.0,21.0,9.77,21.57,0.0006,1010.2,0.76,5.37,107,0.31
49,2019-02-19,"Murthal, Sonipat - HSPCB",129.0,119.0,45.0,14.0,27.0,63.0,12.0,12.14,23.49,0.0001,1013.3,0.78,4.4,114,0.6
50,2019-02-20,"Murthal, Sonipat - HSPCB",276.0,163.0,36.0,10.0,15.0,112.0,18.0,13.62,20.0,0.0031,1017.6,0.85,6.75,82,1.0
51,2019-02-21,"Murthal, Sonipat - HSPCB",76.0,91.0,23.0,7.0,18.0,108.0,16.0,14.54,25.09,0.0003,1016.7,0.7,8.29,105,0.99
52,2019-02-22,"Murthal, Sonipat - HSPCB",102.0,179.0,22.0,7.0,15.0,110.0,19.0,13.41,24.1,0.0002,1016.8,0.77,8.62,320,0.06
53,2019-02-23,"Murthal, Sonipat - HSPCB",68.0,68.0,9.0,8.0,13.0,105.0,36.0,9.66,22.23,0.0,1015.1,0.69,10.2,310,0.39
54,2019-02-24,"Murthal, Sonipat - HSPCB",93.0,68.0,13.0,10.0,19.0,104.0,33.0,11.32,22.98,0.0001,1012.1,0.68,5.85,312,0.35
55,2019-02-25,"Murthal, Sonipat - HSPCB",135.0,92.0,20.0,8.0,27.0,106.0,25.0,9.58,23.72,0.0007,1010.9,0.68,3.33,70,0.25
56,2019-02-26,"Murthal, Sonipat - HSPCB",110.0,94.0,29.0,7.0,31.0,103.0,11.0,10.11,20.72,0.0014,1011.3,0.72,7.09,123,0.68
57,2019-02-27,"Murthal, Sonipat - HSPCB",70.0,66.0,24.0,7.0,25.0,103.0,23.0,10.26,18.67,0.0095,1012.0,0.82,5.95,6,0.58
58,2019-02-28,"Murthal, Sonipat - HSPCB",69.0,61.0,26.0,8.0,19.0,103.0,19.0,8.09,20.61,0.0,1015.9,0.72,5.22,318,0.01
59,2019-03-01,"Murthal, Sonipat - HSPCB",97.0,73.0,21.0,10.0,20.0,103.0,31.0,7.57,21.74,0.0,1016.6,0.68,4.85,317,0.02
60,2019-03-02,"Murthal, Sonipat - HSPCB",104.0,81.0,23.0,10.0,23.0,105.0,18.0,11.37,21.17,0.0074,1016.3,0.76,4.83,32,0.97
61,2019-03-03,"Murthal, Sonipat - HSPCB",165.0,97.0,41.0,9.0,27.0,104.0,21.0,10.99,20.34,0.0036,1013.5,0.85,4.61,69,0.68
62,2019-03-04,"Murthal, Sonipat - HSPCB",112.0,84.0,22.0,7.0,21.0,152.0,6.0,11.71,23.45,0.0025,1009.7,0.82,5.24,312,0.14
63,2019-03-05,"Murthal, Sonipat - HSPCB",74.0,61.0,18.0,8.0,22.0,137.0,23.0,10.47,22.72,0.0,1010.8,0.73,6.92,309,0.0
64,2019-03-06,"Murthal, Sonipat - HSPCB",80.0,73.0,15.0,16.0,33.0,133.0,34.0,11.08,23.91,0.0,1011.7,0.68,7.19,300,0.0
65,2019-03-07,"Murthal, Sonipat - HSPCB",,,,,,144.0,50.0,10.39,24.73,0.0,1012.1,0.64,4.43,317,0.0
66,2019-03-08,"Murthal, Sonipat - HSPCB",,,,,,27.0,46.0,11.32,24.67,0.0,1014.1,0.64,5.46,352,0.1
67,2019-03-09,"Murthal, Sonipat - HSPCB",110.0,139.0,24.0,19.0,61.0,24.0,23.0,11.35,25.78,0.0,1013.6,0.6,7.91,326,0.02
68,2019-03-10,"Murthal, Sonipat - HSPCB",82.0,80.0,16.0,18.0,23.0,23.0,39.0,11.64,25.79,0.0,1013.8,0.6,5.72,315,0.0
69,2019-03-11,"Murthal, Sonipat - HSPCB",107.0,102.0,34.0,16.0,36.0,34.0,34.0,14.09,27.04,0.0005,1013.1,0.57,8.89,104,0.37
70,2019-03-12,"Murthal, Sonipat - HSPCB",90.0,120.0,29.0,18.0,22.0,25.0,28.0,13.03,27.08,0.0,1015.7,0.62,7.58,344,0.51
71,2019-03-13,"Murthal, Sonipat - HSPCB",80.0,118.0,19.0,17.0,34.0,27.0,38.0,14.52,23.92,0.0,1016.0,0.61,5.52,349,0.9
72,2019-03-14,"Murthal, Sonipat - HSPCB",191.0,163.0,32.0,18.0,41.0,51.0,11.0,12.76,24.11,0.0006,1016.8,0.67,7.44,347,0.42
73,2019-03-15,"Murthal, Sonipat - HSPCB",65.0,108.0,27.0,17.0,31.0,39.0,17.0,10.26,25.33,0.0,1018.0,0.68,7.23,327,0.04
74,2019-03-16,"Murthal, Sonipat - HSPCB",68.0,80.0,16.0,17.0,27.0,39.0,45.0,11.43,26.3,0.0,1016.3,0.63,7.12,310,0.49
75,2019-03-17,"Murthal, Sonipat - HSPCB",84.0,88.0,18.0,19.0,31.0,57.0,41.0,14.07,27.12,0.0,1014.4,0.52,5.22,306,0.28
76,2019-03-18,"Murthal, Sonipat - HSPCB",103.0,94.0,17.0,16.0,40.0,66.0,48.0,12.77,28.86,0.0,1013.9,0.52,4.96,308,0.25
77,2019-03-19,"Murthal, Sonipat - HSPCB",115.0,97.0,20.0,22.0,40.0,104.0,54.0,13.48,30.23,0.0001,1010.4,0.52,5.62,323,0.03
78,2019-03-20,"Murthal, Sonipat - HSPCB",170.0,183.0,38.0,20.0,61.0,142.0,27.0,16.92,30.68,0.0001,1008.9,0.46,8.07,123,0.14
79,2019-03-21,"Murthal, Sonipat - HSPCB",178.0,144.0,29.0,19.0,46.0,44.0,21.0,15.11,30.87,0.0,1012.0,0.44,5.77,355,0.02
80,2019-03-22,"Murthal, Sonipat - HSPCB",76.0,85.0,17.0,17.0,41.0,20.0,45.0,16.27,30.39,0.0,1013.8,0.37,9.78,317,0.0
81,2019-03-23,"Murthal, Sonipat - HSPCB",62.0,80.0,12.0,17.0,32.0,24.0,50.0,14.58,31.87,0.0001,1013.2,0.39,10.77,314,0.09
82,2019-03-24,"Murthal, Sonipat - HSPCB",64.0,77.0,12.0,19.0,35.0,25.0,33.0,17.13,32.57,0.0,1011.6,0.41,8.99,322,0.37
83,2019-03-25,"Murthal, Sonipat - HSPCB",76.0,87.0,14.0,18.0,34.0,30.0,19.0,16.97,28.46,0.0004,1012.5,0.53,8.47,322,0.59
84,2019-03-26,"Murthal, Sonipat - HSPCB",109.0,97.0,17.0,20.0,50.0,36.0,24.0,13.79,31.85,0.0001,1013.7,0.5,7.97,306,0.01
85,2019-03-27,"Murthal, Sonipat - HSPCB",87.0,89.0,17.0,20.0,49.0,32.0,58.0,15.96,33.67,0.0,1013.7,0.41,6.84,303,0.32
86,2019-03-28,"Murthal, Sonipat - HSPCB",123.0,107.0,22.0,22.0,51.0,44.0,47.0,17.63,34.77,0.0,1011.9,0.38,4.42,305,0.42
87,2019-03-29,"Murthal, Sonipat - HSPCB",158.0,121.0,18.0,18.0,53.0,44.0,64.0,18.1,36.38,0.0,1009.0,0.42,4.78,320,0.13
88,2019-03-30,"Murthal, Sonipat - HSPCB",190.0,146.0,21.0,20.0,52.0,55.0,24.0,19.26,35.98,0.0003,1008.1,0.42,4.74,332,0.58
89,2019-03-31,"Murthal, Sonipat - HSPCB",148.0,138.0,21.0,25.0,61.0,27.0,44.0,20.03,37.04,0.0001,1008.2,0.26,8.53,319,0.22
90,2019-04-01,"Murthal, Sonipat - HSPCB",63.0,107.0,15.0,19.0,45.0,23.0,57.0,18.26,36.79,0.0,1008.4,0.19,9.07,301,0.0
91,2019-04-02,"Murthal, Sonipat - HSPCB",115.0,132.0,21.0,18.0,62.0,41.0,58.0,16.56,37.55,0.0,1009.1,0.25,4.91,325,0.0
92,2019-04-03,"Murthal, Sonipat - HSPCB",104.0,99.0,19.0,17.0,64.0,34.0,63.0,16.94,38.87,0.0,1007.9,0.25,5.35,302,0.1
93,2019-04-04,"Murthal, Sonipat - HSPCB",165.0,120.0,32.0,22.0,69.0,61.0,37.0,18.18,39.48,0.0,1008.5,0.29,4.76,6,0.1
94,2019-04-05,"Murthal, Sonipat - HSPCB",197.0,146.0,38.0,26.0,76.0,58.0,199.0,20.86,39.93,0.0,1007.1,0.26,4.79,10,0.17
95,2019-04-06,"Murthal, Sonipat - HSPCB",175.0,157.0,23.0,21.0,38.0,59.0,35.0,21.62,39.22,0.0008,1006.5,0.31,4.89,44,0.26
96,2019-04-07,"Murthal, Sonipat - HSPCB",,,,,,82.0,25.0,21.92,37.86,0.0001,1005.5,0.4,6.57,101,0.45
97,2019-04-08,"Murthal, Sonipat - HSPCB",302.0,291.0,23.0,12.0,39.0,39.0,31.0,22.91,36.21,0.0002,1006.2,0.4,6.84,106,0.06
98,2019-04-09,"Murthal, Sonipat - HSPCB",222.0,189.0,28.0,9.0,62.0,65.0,30.0,20.01,37.39,0.0,1006.4,0.35,4.26,43,0.11
99,2019-04-10,"Murthal, Sonipat - HSPCB",214.0,170.0,29.0,6.0,39.0,52.0,38.0,21.03,38.61,0.0003,1007.3,0.3,4.77,315,0.31
100,2019-04-11,"Murthal, Sonipat - HSPCB",107.0,122.0,27.0,16.0,53.0,50.0,38.0,21.73,39.36,0.0,1007.4,0.24,5.24,333,0.1
101,2019-04-12,"Murthal, Sonipat - HSPCB",97.0,141.0,14.0,4.0,39.0,34.0,56.0,22.04,37.88,0.0002,1007.8,0.23,7.23,327,0.07
102,2019-04-13,"Murthal, Sonipat - HSPCB",97.0,122.0,18.0,3.0,34.0,30.0,35.0,22.01,38.63,0.0,1008.0,0.28,7.41,327,0.11
103,2019-04-14,"Murthal, Sonipat - HSPCB",96.0,129.0,15.0,4.0,37.0,27.0,34.0,23.52,39.38,0.0,1007.5,0.25,9.61,323,0.0
104,2019-04-15,"Murthal, Sonipat - HSPCB",90.0,143.0,14.0,1.0,48.0,24.0,41.0,23.48,40.43,0.0003,1006.0,0.22,8.12,321,0.36
105,2019-04-16,"Murthal, Sonipat - HSPCB",88.0,133.0,16.0,1.0,30.0,19.0,49.0,23.39,32.94,0.0044,1008.8,0.49,9.88,189,0.99
106,2019-04-17,"Murthal, Sonipat - HSPCB",46.0,83.0,26.0,11.0,37.0,24.0,33.0,19.66,27.69,0.0157,1011.5,0.66,10.04,140,0.88
107,2019-04-18,"Murthal, Sonipat - HSPCB",50.0,80.0,27.0,7.0,34.0,25.0,28.0,17.57,29.57,0.0003,1012.0,0.58,4.41,66,0.35
108,2019-04-19,"Murthal, Sonipat - HSPCB",78.0,83.0,20.0,2.0,46.0,27.0,35.0,19.5,32.82,0.0,1009.5,0.44,6.02,307,0.08
109,2019-04-20,"Murthal, Sonipat - HSPCB",91.0,96.0,18.0,2.0,44.0,30.0,57.0,20.56,35.59,0.0,1006.6,0.35,5.21,302,0.11
110,2019-04-21,"Murthal, Sonipat - HSPCB",124.0,122.0,24.0,2.0,36.0,41.0,58.0,21.42,37.21,0.0,1004.8,0.27,6.6,301,0.04
111,2019-04-22,"Murthal, Sonipat - HSPCB",168.0,163.0,39.0,1.0,38.0,54.0,44.0,23.03,39.87,0.0,1004.7,0.24,6.19,309,0.0
112,2019-04-23,"Murthal, Sonipat - HSPCB",151.0,162.0,43.0,1.0,53.0,43.0,49.0,24.23,41.56,0.0,1005.0,0.22,5.0,321,0.0
113,2019-04-24,"Murthal, Sonipat - HSPCB",198.0,203.0,26.0,1.0,27.0,62.0,50.0,25.4,41.71,0.0001,1006.7,0.25,6.73,61,0.04
114,2019-04-25,"Murthal, Sonipat - HSPCB",224.0,278.0,31.0,1.0,40.0,55.0,68.0,24.94,40.55,0.0002,1006.7,0.24,5.44,53,0.1
115,2019-04-26,"Murthal, Sonipat - HSPCB",188.0,208.0,27.0,3.0,42.0,46.0,93.0,23.58,40.61,0.0001,1006.3,0.21,8.51,325,0.01
116,2019-04-27,"Murthal, Sonipat - HSPCB",144.0,215.0,28.0,3.0,47.0,24.0,33.0,25.49,40.68,0.0,1005.9,0.12,12.48,316,0.0
117,2019-04-28,"Murthal, Sonipat - HSPCB",126.0,290.0,23.0,3.0,35.0,25.0,43.0,24.85,41.29,0.0,1004.2,0.09,11.63,312,0.0
118,2019-04-29,"Murthal, Sonipat - HSPCB",123.0,224.0,24.0,2.0,43.0,27.0,43.0,25.54,42.54,0.0,1002.8,0.08,7.21,317,0.0
119,2019-04-30,"Murthal, Sonipat - HSPCB",233.0,205.0,43.0,7.0,62.0,47.0,245.0,24.77,43.22,0.0,1000.1,0.09,5.68,105,0.03
120,2019-05-01,"Murthal, Sonipat - HSPCB",274.0,214.0,38.0,5.0,45.0,28.0,75.0,22.28,42.48,0.0001,999.7,0.15,6.46,45,0.09
121,2019-05-02,"Murthal, Sonipat - HSPCB",247.0,212.0,41.0,5.0,45.0,25.0,75.0,25.12,39.29,0.0001,1001.9,0.23,7.8,76,0.12
122,2019-05-03,"Murthal, Sonipat - HSPCB",163.0,128.0,32.0,4.0,39.0,31.0,40.0,24.6,39.34,0.0001,1004.6,0.21,6.48,27,0.1
123,2019-05-04,"Murthal, Sonipat - HSPCB",125.0,118.0,19.0,1.0,49.0,33.0,69.0,24.07,39.52,0.0,1005.5,0.11,8.47,316,0.01
124,2019-05-05,"Murthal, Sonipat - HSPCB",179.0,154.0,22.0,5.0,40.0,38.0,75.0,23.0,40.63,0.0,1005.9,0.07,9.2,305,0.0
125,2019-05-06,"Murthal, Sonipat - HSPCB",208.0,184.0,31.0,7.0,45.0,62.0,162.0,22.66,41.86,0.0,1003.2,0.08,7.5,297,0.0
126,2019-05-07,"Murthal, Sonipat - HSPCB",318.0,202.0,28.0,7.0,59.0,56.0,62.0,22.98,42.92,0.0,1001.5,0.06,7.68,280,0.0
127,2019-05-08,"Murthal, Sonipat - HSPCB",309.0,311.0,34.0,9.0,69.0,79.0,269.0,24.73,43.71,0.0001,1001.9,0.07,7.0,295,0.05
128,2019-05-09,"Murthal, Sonipat - HSPCB",317.0,296.0,23.0,6.0,57.0,56.0,49.0,25.46,43.54,0.0,1000.8,0.09,9.27,281,0.02
129,2019-05-10,"Murthal, Sonipat - HSPCB",283.0,354.0,33.0,8.0,45.0,39.0,174.0,26.99,41.95,0.0003,1001.9,0.14,9.12,284,0.09
130,2019-05-11,"Murthal, Sonipat - HSPCB",181.0,194.0,40.0,11.0,41.0,12.0,47.0,24.08,39.78,0.0008,1005.3,0.26,6.58,316,0.53
131,2019-05-12,"Murthal, Sonipat - HSPCB",232.0,199.0,24.0,4.0,39.0,44.0,56.0,24.34,39.82,0.0005,1004.7,0.25,8.13,296,0.34
132,2019-05-13,"Murthal, Sonipat - HSPCB",278.0,212.0,37.0,7.0,58.0,60.0,44.0,24.45,40.01,0.0037,1003.2,0.26,4.46,330,0.69
133,2019-05-14,"Murthal, Sonipat - HSPCB",154.0,140.0,28.0,5.0,37.0,37.0,17.0,23.11,36.81,0.0018,1004.3,0.43,6.05,346,0.51
134,2019-05-15,"Murthal, Sonipat - HSPCB",204.0,144.0,25.0,5.0,27.0,97.0,190.0,24.39,39.49,0.0002,1005.0,0.3,4.33,122,0.56
135,2019-05-16,"Murthal, Sonipat - HSPCB",140.0,126.0,14.0,3.0,21.0,84.0,18.0,24.42,37.48,0.0014,1005.9,0.36,5.29,321,0.21
136,2019-05-17,"Murthal, Sonipat - HSPCB",228.0,220.0,21.0,4.0,36.0,62.0,41.0,23.89,34.54,0.0005,1005.9,0.43,6.3,288,0.41
137,2019-05-18,"Murthal, Sonipat - HSPCB",114.0,124.0,15.0,2.0,30.0,45.0,36.0,23.16,35.38,0.0041,1005.7,0.5,8.44,304,0.57
138,2019-05-19,"Murthal, Sonipat - HSPCB",89.0,85.0,9.0,1.0,26.0,92.0,49.0,24.32,39.26,0.0,1005.9,0.32,8.26,298,0.0
139,2019-05-20,"Murthal, Sonipat - HSPCB",174.0,125.0,10.0,1.0,42.0,82.0,72.0,24.85,40.52,0.0001,1006.2,0.22,6.76,303,0.01
140,2019-05-21,"Murthal, Sonipat - HSPCB",150.0,136.0,18.0,3.0,47.0,48.0,154.0,26.9,41.09,0.0001,1004.8,0.17,6.89,305,0.43
141,2019-05-22,"Murthal, Sonipat - HSPCB",122.0,168.0,19.0,3.0,48.0,46.0,55.0,27.97,41.24,0.0009,1003.1,0.21,6.13,282,0.38
142,2019-05-23,"Murthal, Sonipat - HSPCB",197.0,162.0,26.0,5.0,58.0,66.0,57.0,27.3,39.99,0.0012,1002.6,0.3,4.48,310,0.64
143,2019-05-24,"Murthal, Sonipat - HSPCB",151.0,177.0,17.0,3.0,50.0,67.0,29.0,27.08,37.23,0.0018,1004.6,0.4,6.94,317,0.38
144,2019-05-25,"Murthal, Sonipat - HSPCB",58.0,77.0,10.0,1.0,34.0,50.0,60.0,24.94,38.03,0.0,1004.0,0.4,10.07,310,0.0
145,2019-05-26,"Murthal, Sonipat - HSPCB",84.0,95.0,10.0,1.0,42.0,67.0,74.0,24.87,40.64,0.0,1002.6,0.26,7.61,312,0.0
146,2019-05-27,"Murthal, Sonipat - HSPCB",93.0,105.0,10.0,1.0,45.0,71.0,81.0,25.63,41.78,0.0,1001.7,0.18,8.15,315,0.0
147,2019-05-28,"Murthal, Sonipat - HSPCB",63.0,108.0,12.0,2.0,39.0,46.0,90.0,26.48,43.25,0.0,1001.1,0.07,9.18,312,0.0
148,2019-05-29,"Murthal, Sonipat - HSPCB",72.0,126.0,14.0,2.0,43.0,47.0,150.0,27.78,44.94,0.0,999.4,0.1,7.53,301,0.0
149,2019-05-30,"Murthal, Sonipat - HSPCB",115.0,126.0,19.0,3.0,56.0,56.0,156.0,28.89,46.2,0.0,998.3,0.1,6.25,280,0.0
150,2019-05-31,"Murthal, Sonipat - HSPCB",134.0,232.0,18.0,3.0,40.0,38.0,56.0,29.68,46.15,0.0,998.2,0.08,6.66,291,0.0
151,2019-06-01,"Murthal, Sonipat - HSPCB",211.0,206.0,29.0,5.0,67.0,90.0,33.0,28.21,46.04,0.0,998.6,0.16,5.48,50,0.09
152,2019-06-02,"Murthal, Sonipat - HSPCB",169.0,186.0,15.0,2.0,55.0,101.0,63.0,30.49,44.88,0.0,998.8,0.22,8.3,100,0.13
153,2019-06-03,"Murthal, Sonipat - HSPCB",158.0,188.0,13.0,2.0,58.0,61.0,69.0,29.2,42.32,0.0007,999.3,0.33,8.19,125,0.0
154,2019-06-04,"Murthal, Sonipat - HSPCB",88.0,198.0,10.0,2.0,48.0,98.0,76.0,29.09,44.17,0.0001,999.7,0.3,7.81,110,0.08
155,2019-06-05,"Murthal, Sonipat - HSPCB",151.0,150.0,16.0,2.0,65.0,106.0,57.0,28.98,44.77,0.0,999.1,0.23,4.52,78,0.13
156,2019-06-06,"Murthal, Sonipat - HSPCB",181.0,173.0,18.0,2.0,43.0,106.0,63.0,30.97,42.81,0.0005,999.8,0.19,6.47,213,0.25
157,2019-06-07,"Murthal, Sonipat - HSPCB",111.0,157.0,11.0,1.0,45.0,102.0,50.0,26.96,43.37,0.0,1002.5,0.3,6.2,69,0.0
158,2019-06-08,"Murthal, Sonipat - HSPCB",175.0,140.0,26.0,5.0,74.0,87.0,224.0,28.59,44.63,0.0001,1001.0,0.2,5.89,297,0.0
159,2019-06-09,"Murthal, Sonipat - HSPCB",154.0,148.0,20.0,3.0,53.0,99.0,32.0,29.11,45.32,0.0,997.9,0.13,5.7,320,0.01
160,2019-06-10,"Murthal, Sonipat - HSPCB",251.0,199.0,19.0,3.0,46.0,104.0,58.0,29.44,47.05,0.0001,995.5,0.12,4.99,305,0.0
161,2019-06-11,"Murthal, Sonipat - HSPCB",,,,,,59.0,55.0,30.59,45.44,0.0,995.5,0.14,6.05,354,0.18
162,2019-06-12,"Murthal, Sonipat - HSPCB",,,,,,103.0,45.0,30.0,42.27,0.0008,997.8,0.29,9.69,106,0.31
163,2019-06-13,"Murthal, Sonipat - HSPCB",,,,,,57.0,79.0,30.81,45.57,0.0,997.1,0.25,7.01,249,0.11
164,2019-06-14,"Murthal, Sonipat - HSPCB",,,,,,,,27.96,46.28,0.0,996.4,0.19,8.94,297,0.08
165,2019-06-15,"Murthal, Sonipat - HSPCB",373.0,,11.0,,52.0,49.0,156.0,27.61,44.94,0.0,996.9,0.16,9.63,286,0.16
166,2019-06-16,"Murthal, Sonipat - HSPCB",275.0,202.0,11.0,11.0,35.0,43.0,50.0,30.39,39.8,0.0012,998.1,0.37,12.29,279,0.3
167,2019-06-17,"Murthal, Sonipat - HSPCB",78.0,112.0,8.0,6.0,33.0,55.0,37.0,27.61,40.03,0.0013,998.3,0.44,11.52,278,0.17
168,2019-06-18,"Murthal, Sonipat - HSPCB",85.0,97.0,11.0,6.0,32.0,44.0,53.0,24.68,37.27,0.0072,999.5,0.5,6.36,283,0.39
169,2019-06-19,"Murthal, Sonipat - HSPCB",81.0,72.0,26.0,5.0,44.0,31.0,15.0,24.69,37.14,0.0008,999.5,0.5,3.88,228,0.19
170,2019-06-20,"Murthal, Sonipat - HSPCB",126.0,137.0,24.0,6.0,39.0,23.0,29.0,24.87,39.57,0.0001,1000.6,0.46,4.66,164,0.13
171,2019-06-21,"Murthal, Sonipat - HSPCB",120.0,136.0,37.0,14.0,64.0,21.0,29.0,27.59,40.31,0.0,1000.6,0.37,4.69,45,0.1
172,2019-06-22,"Murthal, Sonipat - HSPCB",106.0,154.0,19.0,6.0,53.0,26.0,78.0,27.88,41.57,0.0,1000.0,0.31,4.23,353,0.01
173,2019-06-23,"Murthal, Sonipat - HSPCB",,,,,,,,27.67,40.51,0.0,1000.7,0.48,9.99,108,0.09
174,2019-06-24,"Murthal, Sonipat - HSPCB",,,,,,24.0,99.0,27.02,35.68,0.001,1002.4,0.62,9.86,103,0.3
175,2019-06-25,"Murthal, Sonipat - HSPCB",84.0,125.0,17.0,4.0,43.0,31.0,39.0,26.83,39.02,0.0027,1001.5,0.57,4.53,53,0.42
176,2019-06-26,"Murthal, Sonipat - HSPCB",195.0,183.0,19.0,3.0,39.0,36.0,58.0,27.83,41.92,0.0012,998.7,0.45,6.27,343,0.15
177,2019-06-27,"Murthal, Sonipat - HSPCB",98.0,193.0,11.0,3.0,36.0,25.0,161.0,29.1,41.58,0.0003,995.9,0.34,7.53,297,0.08
178,2019-06-28,"Murthal, Sonipat - HSPCB",,,,,,14.0,59.0,28.1,43.34,0.0,995.2,0.32,8.26,291,0.04
179,2019-06-29,"Murthal, Sonipat - HSPCB",150.0,257.0,11.0,9.0,47.0,19.0,35.0,29.66,42.98,0.0,994.8,0.29,7.21,293,0.05
180,2019-06-30,"Murthal, Sonipat - HSPCB",174.0,240.0,21.0,15.0,52.0,26.0,36.0,29.62,43.17,0.0002,995.6,0.3,6.99,337,0.24
181,2019-07-01,"Murthal, Sonipat - HSPCB",168.0,203.0,31.0,12.0,49.0,28.0,27.0,29.01,42.52,0.0011,996.1,0.38,5.55,65,0.15
182,2019-07-02,"Murthal, Sonipat - HSPCB",120.0,233.0,17.0,14.0,46.0,18.0,60.0,29.89,42.38,0.0011,996.7,0.32,4.88,354,0.01
183,2019-07-03,"Murthal, Sonipat - HSPCB",183.0,,15.0,8.0,39.0,29.0,109.0,31.07,39.48,0.0,997.7,0.44,6.84,135,0.16
184,2019-07-04,"Murthal, Sonipat - HSPCB",64.0,,15.0,,41.0,32.0,15.0,30.63,38.28,0.0168,996.6,0.56,5.66,114,0.56
185,2019-07-05,"Murthal, Sonipat - HSPCB",60.0,267.0,17.0,5.0,41.0,38.0,32.0,29.49,35.04,0.0046,994.8,0.67,4.94,124,0.75
186,2019-07-06,"Murthal, Sonipat - HSPCB",77.0,150.0,21.0,4.0,41.0,40.0,51.0,27.15,35.91,0.0005,995.0,0.65,6.94,105,0.53
187,2019-07-07,"Murthal, Sonipat - HSPCB",63.0,105.0,15.0,4.0,24.0,29.0,75.0,26.57,36.26,0.003,994.7,0.66,5.21,102,0.37
188,2019-07-08,"Murthal, Sonipat - HSPCB",76.0,122.0,14.0,2.0,24.0,45.0,99.0,27.68,38.58,0.0069,994.4,0.59,5.58,223,0.3
189,2019-07-09,"Murthal, Sonipat - HSPCB",93.0,129.0,16.0,3.0,26.0,18.0,65.0,28.35,35.47,0.0098,994.8,0.66,6.96,246,0.36
190,2019-07-10,"Murthal, Sonipat - HSPCB",88.0,86.0,14.0,4.0,28.0,25.0,40.0,26.61,37.28,0.0142,994.2,0.67,5.97,39,0.55
191,2019-07-11,"Murthal, Sonipat - HSPCB",222.0,316.0,13.0,5.0,29.0,17.0,33.0,29.51,38.67,0.0114,994.5,0.6,7.47,322,0.57
192,2019-07-12,"Murthal, Sonipat - HSPCB",165.0,127.0,11.0,6.0,28.0,30.0,40.0,27.72,38.83,0.0115,996.6,0.63,7.55,355,0.1
193,2019-07-13,"Murthal, Sonipat - HSPCB",202.0,271.0,15.0,5.0,29.0,21.0,51.0,28.24,37.61,0.0055,997.5,0.62,7.21,357,0.13
194,2019-07-14,"Murthal, Sonipat - HSPCB",199.0,273.0,15.0,6.0,27.0,21.0,45.0,27.58,35.45,0.0117,996.9,0.64,7.25,7,0.23
195,2019-07-15,"Murthal, Sonipat - HSPCB",92.0,122.0,16.0,4.0,28.0,15.0,66.0,24.29,32.53,0.0246,996.8,0.77,6.5,36,0.42
196,2019-07-16,"Murthal, Sonipat - HSPCB",,,,,,2.0,,23.92,30.67,0.0406,1000.1,0.84,5.65,33,0.55
197,2019-07-17,"Murthal, Sonipat - HSPCB",36.0,47.0,16.0,4.0,,52.0,45.0,23.2,30.76,0.0214,1001.2,0.81,4.48,342,0.51
198,2019-07-18,"Murthal, Sonipat - HSPCB",48.0,51.0,15.0,3.0,28.0,15.0,62.0,23.86,32.44,0.0057,1001.0,0.74,4.24,183,0.22
199,2019-07-19,"Murthal, Sonipat - HSPCB",72.0,93.0,30.0,,39.0,40.0,41.0,23.96,35.08,0.0023,1000.8,0.67,3.96,239,0.28
200,2019-07-20,"Murthal, Sonipat - HSPCB",99.0,113.0,21.0,8.0,40.0,28.0,44.0,26.96,33.54,0.0166,1001.1,0.72,4.75,76,0.34
201,2019-07-21,"Murthal, Sonipat - HSPCB",77.0,101.0,22.0,17.0,48.0,25.0,21.0,28.52,35.93,0.0096,1000.6,0.69,6.19,123,0.47
202,2019-07-22,"Murthal, Sonipat - HSPCB",84.0,98.0,8.0,13.0,49.0,42.0,23.0,27.08,35.79,0.0251,999.5,0.71,5.05,130,0.26
203,2019-07-23,"Murthal, Sonipat - HSPCB",92.0,93.0,8.0,10.0,43.0,33.0,15.0,27.82,37.46,0.0061,998.4,0.67,3.61,41,0.25
204,2019-07-24,"Murthal, Sonipat - HSPCB",145.0,106.0,8.0,15.0,42.0,31.0,38.0,28.87,38.92,0.0126,996.4,0.62,5.48,204,0.71
205,2019-07-25,"Murthal, Sonipat - HSPCB",,,,,,7.0,27.0,25.93,32.2,0.0151,999.1,0.81,6.05,183,0.95
206,2019-07-26,"Murthal, Sonipat - HSPCB",46.0,49.0,8.0,11.0,33.0,20.0,30.0,26.18,31.71,0.0342,997.7,0.86,6.07,103,0.97
207,2019-07-27,"Murthal, Sonipat - HSPCB",31.0,37.0,7.0,5.0,32.0,16.0,30.0,24.54,30.4,0.0222,997.4,0.89,10.03,103,0.98
208,2019-07-28,"Murthal, Sonipat - HSPCB",32.0,39.0,11.0,5.0,33.0,18.0,30.0,24.67,32.22,0.0217,999.5,0.83,11.42,102,0.96
209,2019-07-29,"Murthal, Sonipat - HSPCB",32.0,47.0,12.0,4.0,35.0,17.0,31.0,25.16,35.37,0.0002,1000.8,0.73,10.04,108,0.33
210,2019-07-30,"Murthal, Sonipat - HSPCB",54.0,55.0,12.0,8.0,41.0,23.0,30.0,26.63,35.29,0.0001,1000.8,0.69,8.72,106,0.78
211,2019-07-31,"Murthal, Sonipat - HSPCB",63.0,50.0,11.0,5.0,37.0,18.0,30.0,26.48,31.55,0.0037,1000.2,0.81,8.32,80,0.99
212,2019-08-01,"Murthal, Sonipat - HSPCB",75.0,68.0,12.0,8.0,41.0,35.0,26.0,25.98,34.5,0.007,999.2,0.72,7.16,103,0.94
213,2019-08-02,"Murthal, Sonipat - HSPCB",84.0,76.0,11.0,5.0,41.0,28.0,30.0,25.62,32.49,0.0257,998.1,0.79,5.45,99,0.82
214,2019-08-03,"Murthal, Sonipat - HSPCB",64.0,55.0,11.0,9.0,48.0,21.0,25.0,26.17,33.7,0.013,998.2,0.78,7.0,90,0.85
215,2019-08-04,"Murthal, Sonipat - HSPCB",71.0,58.0,11.0,5.0,47.0,25.0,29.0,26.03,35.13,0.0076,997.4,0.76,5.13,92,0.64
216,2019-08-05,"Murthal, Sonipat - HSPCB",87.0,71.0,11.0,4.0,50.0,37.0,30.0,27.48,34.07,0.012,995.4,0.77,4.16,119,0.52
217,2019-08-06,"Murthal, Sonipat - HSPCB",159.0,130.0,11.0,5.0,36.0,25.0,28.0,27.05,33.04,0.0205,995.7,0.82,4.87,91,0.16
218,2019-08-07,"Murthal, Sonipat - HSPCB",61.0,59.0,12.0,4.0,35.0,29.0,28.0,25.67,34.66,0.0082,995.3,0.77,4.68,73,0.43
219,2019-08-08,"Murthal, Sonipat - HSPCB",69.0,74.0,11.0,4.0,,28.0,30.0,26.39,33.98,0.0035,995.7,0.76,6.1,112,0.81
220,2019-08-09,"Murthal, Sonipat - HSPCB",,,,,,100.0,18.0,26.22,34.07,0.0013,998.4,0.73,13.45,98,0.75
221,2019-08-10,"Murthal, Sonipat - HSPCB",56.0,64.0,11.0,6.0,14.0,10.0,90.0,26.29,33.75,0.0017,998.6,0.76,12.42,110,0.75
222,2019-08-11,"Murthal, Sonipat - HSPCB",59.0,72.0,11.0,3.0,24.0,29.0,81.0,25.66,34.58,0.0014,1000.0,0.72,5.97,134,0.86
223,2019-08-12,"Murthal, Sonipat - HSPCB",65.0,75.0,11.0,3.0,22.0,28.0,88.0,27.25,35.04,0.013,999.2,0.71,5.79,292,0.93
224,2019-08-13,"Murthal, Sonipat - HSPCB",55.0,70.0,11.0,2.0,22.0,31.0,73.0,27.58,35.21,0.0129,999.4,0.76,4.87,330,0.94
225,2019-08-14,"Murthal, Sonipat - HSPCB",68.0,77.0,11.0,2.0,23.0,23.0,65.0,25.26,33.02,0.0232,1001.3,0.84,4.27,104,0.95
226,2019-08-15,"Murthal, Sonipat - HSPCB",78.0,79.0,11.0,4.0,24.0,23.0,62.0,25.36,32.78,0.0262,1001.6,0.84,8.61,84,0.89
227,2019-08-16,"Murthal, Sonipat - HSPCB",55.0,55.0,11.0,2.0,25.0,16.0,89.0,25.16,31.11,0.0018,1000.4,0.84,11.22,96,0.77
228,2019-08-17,"Murthal, Sonipat - HSPCB",47.0,56.0,11.0,1.0,27.0,16.0,69.0,25.41,29.81,0.0159,999.6,0.91,12.49,113,0.98
229,2019-08-18,"Murthal, Sonipat - HSPCB",,,,,,,,24.15,28.78,0.0448,1002.3,0.93,7.72,145,0.86
230,2019-08-19,"Murthal, Sonipat - HSPCB",,,,,,152.0,,23.62,32.65,0.0036,1004.1,0.82,3.37,11,0.14
231,2019-08-20,"Murthal, Sonipat - HSPCB",70.0,75.0,11.0,4.0,17.0,86.0,38.0,24.39,34.93,0.0027,1003.1,0.75,4.79,348,0.13
232,2019-08-21,"Murthal, Sonipat - HSPCB",84.0,90.0,11.0,4.0,17.0,87.0,38.0,25.22,36.58,0.003,1001.5,0.69,6.72,321,0.18
233,2019-08-22,"Murthal, Sonipat - HSPCB",94.0,121.0,11.0,5.0,21.0,86.0,49.0,24.34,31.99,0.006,1002.4,0.78,5.83,60,0.45
234,2019-08-23,"Murthal, Sonipat - HSPCB",153.0,138.0,11.0,4.0,24.0,102.0,48.0,26.23,35.55,0.0068,1001.9,0.7,3.58,356,0.35
235,2019-08-24,"Murthal, Sonipat - HSPCB",,,,,,,,26.32,31.69,0.0062,1002.2,0.79,4.87,66,0.33
236,2019-08-25,"Murthal, Sonipat - HSPCB",,,,,,90.0,53.0,25.42,32.89,0.005,1003.0,0.82,5.66,84,0.48
237,2019-08-26,"Murthal, Sonipat - HSPCB",,,,,,,,24.36,34.47,0.0086,1002.7,0.78,5.5,80,0.88
238,2019-08-27,"Murthal, Sonipat - HSPCB",73.0,120.0,31.0,4.0,,92.0,201.0,24.72,36.02,0.0,1001.8,0.73,4.23,127,0.49
239,2019-08-28,"Murthal, Sonipat - HSPCB",76.0,94.0,30.0,4.0,21.0,94.0,77.0,26.86,36.74,0.0055,1002.4,0.7,5.63,103,0.16
240,2019-08-29,"Murthal, Sonipat - HSPCB",82.0,92.0,29.0,4.0,23.0,93.0,127.0,27.28,36.09,0.0014,1003.5,0.71,6.88,112,0.33
241,2019-08-30,"Murthal, Sonipat - HSPCB",84.0,94.0,27.0,4.0,26.0,93.0,,27.81,36.27,0.0036,1001.2,0.7,3.75,88,0.28
242,2019-08-31,"Murthal, Sonipat - HSPCB",106.0,,31.0,4.0,29.0,99.0,4.0,27.46,35.51,0.0072,999.1,0.73,4.0,71,0.54
243,2019-09-01,"Murthal, Sonipat - HSPCB",149.0,128.0,35.0,4.0,29.0,93.0,,25.68,32.53,0.0192,1001.1,0.81,7.52,93,0.92
244,2019-09-02,"Murthal, Sonipat - HSPCB",,,,,,62.0,,25.04,36.89,0.0007,1001.5,0.71,3.4,53,0.6
245,2019-09-03,"Murthal, Sonipat - HSPCB",85.0,93.0,24.0,4.0,10.0,89.0,19.0,26.06,33.93,0.03,1000.5,0.78,3.7,68,0.39
246,2019-09-04,"Murthal, Sonipat - HSPCB",144.0,120.0,24.0,4.0,11.0,97.0,18.0,26.36,34.22,0.0109,1000.0,0.79,6.43,98,0.96
247,2019-09-05,"Murthal, Sonipat - HSPCB",112.0,108.0,27.0,4.0,19.0,89.0,18.0,25.33,35.12,0.0035,1000.4,0.74,6.24,98,0.59
248,2019-09-06,"Murthal, Sonipat - HSPCB",83.0,100.0,29.0,4.0,19.0,99.0,20.0,26.57,34.94,0.0037,999.2,0.74,6.19,120,0.8
249,2019-09-07,"Murthal, Sonipat - HSPCB",75.0,114.0,35.0,4.0,21.0,86.0,18.0,26.68,33.58,0.0101,999.6,0.78,6.95,107,0.57
250,2019-09-08,"Murthal, Sonipat - HSPCB",80.0,94.0,27.0,4.0,22.0,81.0,19.0,25.48,34.85,0.0005,1001.7,0.75,6.03,83,0.55
251,2019-09-09,"Murthal, Sonipat - HSPCB",,,21.0,4.0,24.0,95.0,18.0,25.43,35.93,0.0003,1000.1,0.72,4.1,41,0.18
252,2019-09-10,"Murthal, Sonipat - HSPCB",138.0,138.0,13.0,4.0,25.0,101.0,18.0,25.16,36.59,0.0012,999.7,0.71,4.28,71,0.19
253,2019-09-11,"Murthal, Sonipat - HSPCB",161.0,142.0,12.0,4.0,26.0,104.0,17.0,26.45,37.95,0.0001,1000.9,0.67,4.59,56,0.53
254,2019-09-12,"Murthal, Sonipat - HSPCB",163.0,131.0,112.0,16.0,14.0,76.0,,27.41,36.3,0.0018,1002.4,0.7,8.13,110,0.64
255,2019-09-13,"Murthal, Sonipat - HSPCB",86.0,86.0,70.0,9.0,7.0,52.0,6.0,26.42,34.88,0.0009,1003.6,0.71,8.39,117,0.75
256,2019-09-14,"Murthal, Sonipat - HSPCB",52.0,65.0,55.0,6.0,10.0,50.0,4.0,26.04,33.48,0.0019,1004.5,0.76,8.67,97,0.93
257,2019-09-15,"Murthal, Sonipat - HSPCB",,,,,,,,25.98,32.71,0.0022,1004.2,0.77,6.3,87,0.8
258,2019-09-16,"Murthal, Sonipat - HSPCB",82.0,83.0,38.0,5.0,8.0,48.0,21.0,25.01,36.81,0.0014,1002.8,0.7,3.7,52,0.5
259,2019-09-17,"Murthal, Sonipat - HSPCB",129.0,114.0,17.0,2.0,10.0,47.0,9.0,25.85,34.94,0.0081,1003.6,0.71,6.46,81,0.09
260,2019-09-18,"Murthal, Sonipat - HSPCB",101.0,102.0,45.0,3.0,15.0,43.0,18.0,24.76,34.53,0.0107,1007.5,0.73,8.67,108,0.01
261,2019-09-19,"Murthal, Sonipat - HSPCB",43.0,53.0,29.0,3.0,8.0,29.0,13.0,23.94,31.6,0.0006,1010.3,0.78,7.89,102,0.34
262,2019-09-20,"Murthal, Sonipat - HSPCB",42.0,57.0,31.0,3.0,11.0,45.0,11.0,23.14,33.37,0.0018,1008.1,0.74,4.32,92,0.14
263,2019-09-21,"Murthal, Sonipat - HSPCB",69.0,92.0,33.0,2.0,13.0,65.0,14.0,24.02,33.26,0.0149,1006.7,0.78,4.34,95,0.25
264,2019-09-22,"Murthal, Sonipat - HSPCB",67.0,68.0,33.0,3.0,13.0,62.0,12.0,24.16,31.2,0.0057,1008.8,0.76,7.16,133,0.07
265,2019-09-23,"Murthal, Sonipat - HSPCB",28.0,42.0,28.0,2.0,213.0,34.0,12.0,22.77,32.03,0.0004,1010.6,0.75,4.46,89,0.13
266,2019-09-24,"Murthal, Sonipat - HSPCB",,,,,,10.0,80.0,23.19,32.63,0.0001,1010.5,0.74,5.49,117,0.13
267,2019-09-25,"Murthal, Sonipat - HSPCB",51.0,95.0,22.0,2.0,26.0,43.0,20.0,24.41,32.36,0.0136,1011.4,0.74,6.88,110,0.05
268,2019-09-26,"Murthal, Sonipat - HSPCB",43.0,96.0,14.0,2.0,27.0,36.0,15.0,23.83,32.19,0.0004,1012.4,0.75,9.19,103,0.29
269,2019-09-27,"Murthal, Sonipat - HSPCB",27.0,69.0,12.0,1.0,29.0,29.0,17.0,23.72,31.82,0.0001,1011.2,0.76,8.82,102,0.38
270,2019-09-28,"Murthal, Sonipat - HSPCB",29.0,70.0,11.0,1.0,33.0,37.0,14.0,22.64,30.68,0.0118,1009.4,0.79,9.1,97,0.35
271,2019-09-29,"Murthal, Sonipat - HSPCB",23.0,59.0,10.0,1.0,32.0,29.0,17.0,22.4,28.27,0.002,1010.5,0.87,8.16,94,0.58
272,2019-09-30,"Murthal, Sonipat - HSPCB",25.0,52.0,12.0,3.0,29.0,33.0,17.0,22.09,29.21,0.0064,1009.0,0.85,5.5,109,0.35
273,2019-10-01,"Murthal, Sonipat - HSPCB",55.0,108.0,16.0,3.0,24.0,50.0,18.0,21.83,30.36,0.0042,1008.9,0.82,5.2,102,0.79
274,2019-10-02,"Murthal, Sonipat - HSPCB",59.0,138.0,10.0,3.0,29.0,59.0,15.0,22.12,31.53,0.0005,1009.9,0.76,3.74,28,0.17
275,2019-10-03,"Murthal, Sonipat - HSPCB",69.0,114.0,10.0,3.0,30.0,62.0,15.0,21.99,34.02,0.0009,1009.5,0.68,3.31,51,0.23
276,2019-10-04,"Murthal, Sonipat - HSPCB",,87.0,13.0,3.0,31.0,33.0,17.0,22.51,32.96,0.0035,1010.0,0.69,5.6,346,0.06
277,2019-10-05,"Murthal, Sonipat - HSPCB",16.0,86.0,10.0,3.0,18.0,31.0,17.0,21.03,32.71,0.0001,1010.2,0.64,6.09,321,0.03
278,2019-10-06,"Murthal, Sonipat - HSPCB",35.0,77.0,10.0,4.0,19.0,46.0,21.0,20.31,33.01,0.0002,1010.6,0.62,5.54,322,0.33
279,2019-10-07,"Murthal, Sonipat - HSPCB",28.0,93.0,11.0,3.0,23.0,44.0,17.0,21.96,31.93,0.0001,1011.9,0.62,7.07,315,0.63
280,2019-10-08,"Murthal, Sonipat - HSPCB",21.0,87.0,10.0,3.0,24.0,30.0,22.0,20.97,32.45,0.0,1011.3,0.58,4.7,311,0.0
281,2019-10-09,"Murthal, Sonipat - HSPCB",,,,,,49.0,36.0,19.68,32.29,0.0,1011.5,0.6,3.3,81,0.0
282,2019-10-10,"Murthal, Sonipat - HSPCB",123.0,164.0,25.0,4.0,39.0,60.0,19.0,20.67,32.72,0.0002,1011.2,0.61,3.31,52,0.0
283,2019-10-11,"Murthal, Sonipat - HSPCB",,,,,,17.0,54.0,20.57,32.36,0.0001,1010.6,0.59,2.51,4,0.0
284,2019-10-12,"Murthal, Sonipat - HSPCB",189.0,190.0,17.0,3.0,24.0,42.0,36.0,20.43,33.31,0.0001,1011.4,0.61,3.31,1,0.0
285,2019-10-13,"Murthal, Sonipat - HSPCB",156.0,247.0,16.0,3.0,29.0,49.0,36.0,21.41,33.9,0.0,1011.8,0.56,4.03,330,0.15
286,2019-10-14,"Murthal, Sonipat - HSPCB",65.0,164.0,17.0,3.0,29.0,46.0,40.0,21.34,33.69,0.0,1012.6,0.55,3.2,5,0.34
287,2019-10-15,"Murthal, Sonipat - HSPCB",45.0,220.0,17.0,6.0,33.0,68.0,32.0,20.94,33.88,0.0,1013.1,0.61,3.75,68,0.0
288,2019-10-16,"Murthal, Sonipat - HSPCB",,,23.0,6.0,,26.0,24.0,21.38,33.82,0.0001,1013.4,0.61,4.39,83,0.0
289,2019-10-17,"Murthal, Sonipat - HSPCB",244.0,191.0,19.0,7.0,23.0,50.0,14.0,22.24,33.42,0.0008,1013.2,0.59,5.75,107,0.03
290,2019-10-18,"Murthal, Sonipat - HSPCB",182.0,120.0,19.0,7.0,22.0,52.0,14.0,21.89,31.58,0.0035,1013.0,0.64,5.85,88,0.08
291,2019-10-19,"Murthal, Sonipat - HSPCB",,,18.0,7.0,21.0,29.0,15.0,20.98,32.53,0.0038,1014.5,0.61,3.36,357,0.06
292,2019-10-20,"Murthal, Sonipat - HSPCB",70.0,100.0,22.0,6.0,3.0,40.0,19.0,19.87,33.28,0.0001,1014.3,0.48,5.18,322,0.0
293,2019-10-21,"Murthal, Sonipat - HSPCB",229.0,148.0,14.0,6.0,22.0,46.0,18.0,19.25,32.62,0.0,1012.6,0.43,6.9,318,0.0
294,2019-10-22,"Murthal, Sonipat - HSPCB",,,14.0,6.0,15.0,40.0,20.0,18.72,32.64,0.0,1009.9,0.46,6.98,304,0.03
295,2019-10-23,"Murthal, Sonipat - HSPCB",120.0,70.0,8.0,6.0,16.0,47.0,20.0,18.31,32.85,0.0001,1008.9,0.46,4.74,331,0.0
296,2019-10-24,"Murthal, Sonipat - HSPCB",,,,6.0,20.0,69.0,10.0,17.73,31.74,0.0001,1010.5,0.57,3.72,77,0.0
297,2019-10-25,"Murthal, Sonipat - HSPCB",,,7.0,6.0,15.0,57.0,12.0,18.74,30.53,0.0001,1011.8,0.59,4.83,101,0.0
298,2019-10-26,"Murthal, Sonipat - HSPCB",110.0,248.0,5.0,6.0,17.0,69.0,9.0,18.28,30.67,0.0001,1013.2,0.58,3.46,94,0.0
299,2019-10-27,"Murthal, Sonipat - HSPCB",83.0,241.0,27.0,6.0,18.0,62.0,6.0,19.12,31.92,0.0001,1012.5,0.53,5.21,318,0.0
300,2019-10-28,"Murthal, Sonipat - HSPCB",65.0,138.0,7.0,6.0,20.0,66.0,6.0,18.49,31.77,0.0,1012.9,0.53,3.48,329,0.13
301,2019-10-29,"Murthal, Sonipat - HSPCB",56.0,218.0,8.0,6.0,21.0,72.0,6.0,19.57,30.55,0.0,1013.6,0.54,2.82,319,0.91
302,2019-10-30,"Murthal, Sonipat - HSPCB",102.0,226.0,,6.0,24.0,88.0,6.0,20.19,31.91,0.0001,1012.5,0.52,3.22,306,0.75
303,2019-10-31,"Murthal, Sonipat - HSPCB",62.0,196.0,4.0,6.0,24.0,74.0,6.0,18.18,32.23,0.0,1012.1,0.52,3.6,325,0.0
304,2019-11-01,"Murthal, Sonipat - HSPCB",75.0,163.0,5.0,6.0,25.0,107.0,6.0,18.84,32.18,0.0,1012.0,0.53,3.3,335,0.42
305,2019-11-02,"Murthal, Sonipat - HSPCB",50.0,251.0,9.0,6.0,26.0,92.0,6.0,19.29,31.59,0.0001,1013.5,0.55,4.44,336,0.53
306,2019-11-03,"Murthal, Sonipat - HSPCB",101.0,167.0,9.0,6.0,28.0,114.0,6.0,19.24,29.32,0.0045,1014.5,0.63,5.44,305,0.7
307,2019-11-04,"Murthal, Sonipat - HSPCB",362.0,282.0,6.0,6.0,30.0,104.0,6.0,19.05,29.94,0.0002,1014.2,0.62,7.83,302,0.01
308,2019-11-05,"Murthal, Sonipat - HSPCB",127.0,107.0,18.0,6.0,31.0,78.0,6.0,18.73,30.56,0.0001,1011.5,0.52,7.82,293,0.0
309,2019-11-06,"Murthal, Sonipat - HSPCB",299.0,230.0,38.0,7.0,32.0,55.0,6.0,16.88,30.79,0.0001,1009.6,0.49,3.36,134,0.04
310,2019-11-07,"Murthal, Sonipat - HSPCB",263.0,154.0,46.0,7.0,,58.0,25.0,18.59,27.48,0.0023,1010.7,0.61,6.43,99,0.49
311,2019-11-08,"Murthal, Sonipat - HSPCB",,,27.0,7.0,23.0,49.0,7.0,17.07,28.61,0.0005,1014.0,0.63,5.06,4,0.13
312,2019-11-09,"Murthal, Sonipat - HSPCB",216.0,123.0,30.0,7.0,26.0,47.0,8.0,16.36,29.79,0.0001,1014.3,0.52,7.93,321,0.0
313,2019-11-10,"Murthal, Sonipat - HSPCB",236.0,123.0,40.0,6.0,21.0,60.0,13.0,15.74,28.87,0.0,1014.0,0.45,6.57,320,0.06
314,2019-11-11,"Murthal, Sonipat - HSPCB",236.0,123.0,35.0,7.0,22.0,76.0,6.0,15.1,28.21,0.0,1012.9,0.39,4.7,318,0.74
315,2019-11-12,"Murthal, Sonipat - HSPCB",299.0,159.0,33.0,7.0,25.0,99.0,6.0,13.81,29.11,0.0001,1013.7,0.46,4.88,314,0.59
316,2019-11-13,"Murthal, Sonipat - HSPCB",302.0,178.0,9.0,6.0,,94.0,6.0,15.26,29.03,0.0002,1016.0,0.48,3.76,326,0.89
317,2019-11-14,"Murthal, Sonipat - HSPCB",130.0,136.0,11.0,6.0,21.0,96.0,6.0,16.75,27.81,0.0001,1016.7,0.54,3.85,343,0.98
318,2019-11-15,"Murthal, Sonipat - HSPCB",251.0,157.0,6.0,6.0,21.0,107.0,6.0,16.64,28.03,0.0001,1015.9,0.6,5.63,335,0.63
319,2019-11-16,"Murthal, Sonipat - HSPCB",220.0,190.0,7.0,6.0,24.0,66.0,6.0,16.52,29.61,0.0001,1015.1,0.61,9.06,317,0.02
320,2019-11-17,"Murthal, Sonipat - HSPCB",,,,,,,,17.09,29.78,0.0001,1015.0,0.53,11.72,305,0.19
321,2019-11-18,"Murthal, Sonipat - HSPCB",,,,,,154.0,15.0,16.41,27.35,0.0001,1014.6,0.57,8.81,292,0.82
322,2019-11-19,"Murthal, Sonipat - HSPCB",197.0,141.0,42.0,7.0,26.0,47.0,22.0,13.98,27.41,0.0,1014.2,0.55,4.56,293,0.19
323,2019-11-20,"Murthal, Sonipat - HSPCB",173.0,120.0,34.0,7.0,31.0,66.0,19.0,13.39,27.48,0.0,1015.0,0.49,2.33,27,0.44
324,2019-11-21,"Murthal, Sonipat - HSPCB",136.0,112.0,21.0,9.0,31.0,84.0,17.0,12.88,27.56,0.0001,1016.7,0.51,3.21,33,0.45
325,2019-11-22,"Murthal, Sonipat - HSPCB",133.0,120.0,28.0,7.0,32.0,97.0,18.0,14.06,28.03,0.0001,1016.7,0.52,4.32,324,0.94
326,2019-11-23,"Murthal, Sonipat - HSPCB",60.0,169.0,28.0,6.0,30.0,65.0,17.0,15.24,27.84,0.0001,1016.1,0.54,8.26,311,0.78
327,2019-11-24,"Murthal, Sonipat - HSPCB",22.0,84.0,32.0,6.0,32.0,51.0,17.0,16.53,27.56,0.0001,1015.6,0.6,7.39,315,0.56
328,2019-11-25,"Murthal, Sonipat - HSPCB",,,,,,74.0,22.0,15.59,27.92,0.0012,1016.1,0.58,4.31,358,0.27
329,2019-11-26,"Murthal, Sonipat - HSPCB",125.0,143.0,10.0,6.0,36.0,58.0,17.0,17.43,26.03,0.0042,1015.9,0.66,5.09,11,0.57
330,2019-11-27,"Murthal, Sonipat - HSPCB",62.0,68.0,14.0,6.0,35.0,43.0,16.0,15.95,27.1,0.006,1015.5,0.63,5.32,75,0.4
331,2019-11-28,"Murthal, Sonipat - HSPCB",44.0,43.0,20.0,6.0,,36.0,17.0,15.58,23.37,0.0128,1017.0,0.82,7.45,82,0.04
332,2019-11-29,"Murthal, Sonipat - HSPCB",,,,,,26.0,34.0,14.94,23.63,0.0004,1017.2,0.8,4.18,359,0.07
333,2019-11-30,"Murthal, Sonipat - HSPCB",66.0,89.0,35.0,6.0,31.0,45.0,7.0,13.11,24.27,0.0,1017.1,0.7,5.44,310,0.0
334,2019-12-01,"Murthal, Sonipat - HSPCB",89.0,86.0,29.0,7.0,22.0,49.0,6.0,11.42,23.74,0.0001,1016.8,0.63,5.22,290,0.0
335,2019-12-02,"Murthal, Sonipat - HSPCB",91.0,87.0,31.0,6.0,,59.0,7.0,10.21,24.03,0.0001,1017.6,0.57,5.78,296,0.0
336,2019-12-03,"Murthal, Sonipat - HSPCB",93.0,75.0,10.0,6.0,,61.0,10.0,9.13,24.61,0.0,1017.0,0.51,5.64,291,0.03
337,2019-12-04,"Murthal, Sonipat - HSPCB",68.0,84.0,2.0,6.0,,82.0,9.0,8.96,24.39,0.0001,1019.1,0.45,3.04,303,0.49
338,2019-12-05,"Murthal, Sonipat - HSPCB",79.0,89.0,,6.0,33.0,107.0,10.0,8.75,23.09,0.0001,1021.1,0.58,1.88,12,0.86
339,2019-12-06,"Murthal, Sonipat - HSPCB",37.0,85.0,22.0,6.0,25.0,97.0,11.0,10.75,24.16,0.0,1020.4,0.67,3.33,334,0.74
340,2019-12-07,"Murthal, Sonipat - HSPCB",32.0,60.0,30.0,6.0,27.0,100.0,9.0,10.66,24.64,0.0001,1019.3,0.68,2.67,11,0.05
341,2019-12-08,"Murthal, Sonipat - HSPCB",35.0,68.0,25.0,6.0,30.0,106.0,8.0,11.36,24.65,0.0001,1019.1,0.64,2.86,332,0.0
342,2019-12-09,"Murthal, Sonipat - HSPCB",31.0,66.0,30.0,6.0,33.0,109.0,9.0,10.33,24.11,0.0,1018.5,0.59,3.39,294,0.1
343,2019-12-10,"Murthal, Sonipat - HSPCB",37.0,65.0,34.0,7.0,34.0,113.0,8.0,9.4,24.43,0.0001,1015.9,0.55,3.07,284,0.04
344,2019-12-11,"Murthal, Sonipat - HSPCB",51.0,86.0,24.0,8.0,35.0,119.0,8.0,9.13,23.57,0.0,1014.4,0.56,2.66,94,0.46
345,2019-12-12,"Murthal, Sonipat - HSPCB",51.0,64.0,42.0,7.0,33.0,116.0,8.0,13.47,22.12,0.0036,1013.3,0.66,8.96,117,0.98
346,2019-12-13,"Murthal, Sonipat - HSPCB",35.0,90.0,48.0,6.0,31.0,89.0,7.0,12.94,18.56,0.0202,1013.7,0.92,6.75,154,0.58
347,2019-12-14,"Murthal, Sonipat - HSPCB",,,,,,,,11.38,18.89,0.0004,1020.7,0.86,2.92,45,0.28
348,2019-12-15,"Murthal, Sonipat - HSPCB",14.0,48.0,25.0,6.0,16.0,31.0,7.0,10.6,19.92,0.0001,1019.8,0.8,5.17,315,0.4
349,2019-12-16,"Murthal, Sonipat - HSPCB",28.0,103.0,23.0,6.0,14.0,56.0,9.0,8.91,18.92,0.0001,1020.3,0.81,6.18,300,0.14
350,2019-12-17,"Murthal, Sonipat - HSPCB",,,,,,29.0,7.0,8.49,18.76,0.0001,1021.5,0.76,6.51,302,0.31
351,2019-12-18,"Murthal, Sonipat - HSPCB",24.0,65.0,9.0,6.0,24.0,32.0,7.0,6.44,19.05,0.0001,1020.6,0.68,5.49,294,0.5
352,2019-12-19,"Murthal, Sonipat - HSPCB",34.0,72.0,,6.0,23.0,67.0,7.0,7.63,18.44,0.0001,1019.4,0.55,2.21,337,0.97
353,2019-12-20,"Murthal, Sonipat - HSPCB",,,23.0,6.0,13.0,95.0,7.0,7.29,18.83,0.0004,1017.1,0.56,2.54,340,0.81
354,2019-12-21,"Murthal, Sonipat - HSPCB",46.0,339.0,44.0,6.0,15.0,129.0,7.0,11.23,20.14,0.0005,1017.5,0.68,4.53,310,0.58
355,2019-12-22,"Murthal, Sonipat - HSPCB",,,44.0,6.0,21.0,120.0,7.0,7.63,19.83,0.0001,1018.9,0.75,6.33,307,0.06
356,2019-12-23,"Murthal, Sonipat - HSPCB",,,59.0,6.0,26.0,118.0,7.0,6.9,18.16,0.0001,1017.9,0.66,5.22,296,0.29
357,2019-12-24,"Murthal, Sonipat - HSPCB",31.0,258.0,54.0,6.0,27.0,119.0,7.0,6.39,18.06,0.0001,1019.5,0.64,2.73,19,0.28
358,2019-12-25,"Murthal, Sonipat - HSPCB",37.0,281.0,65.0,6.0,28.0,114.0,7.0,5.29,17.58,0.0001,1018.6,0.67,5.81,305,0.12
359,2019-12-26,"Murthal, Sonipat - HSPCB",,,62.0,6.0,31.0,113.0,8.0,5.47,17.15,0.0002,1017.9,0.61,5.78,302,0.0
360,2019-12-27,"Murthal, Sonipat - HSPCB",127.0,250.0,58.0,6.0,33.0,83.0,6.0,4.7,16.54,0.0002,1019.1,0.56,3.61,315,0.0
361,2019-12-28,"Murthal, Sonipat - HSPCB",142.0,170.0,49.0,6.0,30.0,112.0,7.0,3.13,15.08,0.0002,1020.1,0.62,2.75,329,0.0
362,2019-12-29,"Murthal, Sonipat - HSPCB",135.0,140.0,47.0,6.0,32.0,126.0,12.0,1.59,15.33,0.0001,1020.4,0.58,2.24,357,0.0
363,2019-12-30,"Murthal, Sonipat - HSPCB",92.0,108.0,49.0,6.0,34.0,138.0,12.0,3.13,15.92,0.0002,1019.6,0.65,3.33,77,0.17
364,2019-12-31,"Murthal, Sonipat - HSPCB",53.0,156.0,62.0,6.0,32.0,133.0,7.0,3.87,16.22,0.0001,1020.5,0.58,4.38,103,0.23
